{
  "finetuned": {
    "accuracy": 0.6143014301430143,
    "weighted_f1": 0.6234535159051904,
    "report": "              precision    recall  f1-score   support\n\n         joy       0.44      0.61      0.51       495\n     sadness       0.39      0.56      0.46       219\n       anger       0.34      0.71      0.46       173\n        fear       0.84      0.77      0.80      1480\n    surprise       0.76      0.45      0.57      1602\n     disgust       0.50      0.68      0.57       238\n     neutral       0.41      0.67      0.51       338\n\n    accuracy                           0.61      4545\n   macro avg       0.52      0.63      0.55      4545\nweighted avg       0.68      0.61      0.62      4545\n"
  },
  "zero_shot": {
    "accuracy": 0.5,
    "weighted_f1": 0.45735317552754184,
    "model_used": "bhadresh-savani/distilbert-base-uncased-emotion",
    "n_samples": 200
  },
  "delta_f1": 0.16610034037764854
}